sample	mutation	contig	position	reference	alt
SC2228.variants.vcf	S:P681H	MN908947.3	23604	C	A
SC2244.variants.vcf	S:D1118H	MN908947.3	24914	G	C
SC2238.variants.vcf	S:del69-70	MN908947.3	21764	ATACATG	A
SC2238.variants.vcf	S:del144	MN908947.3	21990	TTTA	T
SC2238.variants.vcf	S:N501Y	MN908947.3	23063	A	T
SC2238.variants.vcf	S:A570D	MN908947.3	23271	C	A
SC2238.variants.vcf	S:P681H	MN908947.3	23604	C	A
SC2238.variants.vcf	S:T716I	MN908947.3	23709	C	T
SC2238.variants.vcf	S:S982A	MN908947.3	24506	T	G
SC2238.variants.vcf	S:D1118H	MN908947.3	24914	G	C
